<?xml version="1.0" encoding="UTF-8"?>
<project-private xmlns="http://www.netbeans.org/ns/project-private/1">
    <editor-bookmarks xmlns="http://www.netbeans.org/ns/editor-bookmarks/2" lastBookmarkId="0"/>
    <open-files xmlns="http://www.netbeans.org/ns/projectui-open-files/2">
        <group>
            <file>file:/Users/edsonjr/Desktop/EDSON/Documentos_pessoais/Faculdade/2017_2/compiladores/analisador_lexico/analisador_lexico/src/analisador_lexico/language.lex</file>
            <file>file:/Users/edsonjr/Desktop/EDSON/Documentos_pessoais/Faculdade/2017_2/compiladores/analisador_lexico/analisador_lexico/src/analisador_lexico/Analisador_lexico.java</file>
            <file>file:/Users/edsonjr/Desktop/EDSON/Documentos_pessoais/Faculdade/2017_2/compiladores/analisador_lexico/analisador_lexico/src/analisador_lexico/LexicalAnalyzer.java</file>
        </group>
    </open-files>
</project-private>
